ID,First Name,Last Name,Email
1,Raju,Singh,raju@gmail.com
2,Shyam,Rai,shyam@gmail.com
3,Munna,Pandey,munna@gmail.com
4,Saurabh,Rai,saurabh@gmail.com
5,Gaurav,Shukla,gaurav@gmail.com
6,Abhinay,Rai,abhinay@gmail.com
7,Sonal,Mishra,sonal@gmail.com
8,Atul,rai,atul@gmail.com
9,Vivek,Singh,vivek@gmail.com
10,Rajan,Patel,rajan@gmail.com